Rank,Symbol,Portfolio,Trend_score,Final_score,Final_score_category,Old_Final_score,Old_Final_score_category,RS_agreement,RSI_14,RSI_state,EMA_score,Below_EMA_200,ST_state,Momentum_band,ROC_composite,Volatility_band,Vol_trend,Stage,Final_description
1,TDPOWERSYS,N,84.86,81.14,A,70.18,B,Leads both,57.2789,Neutral,96.43,No,Uptrend,Strong Bullish,7.27,Normal,Falling,"2 - Advancing (late, conf 84, 338d)","2 - Advancing, trend 85 with bullish confirmed, momentum and volume confirm; outperforming both benchmarks, late in the stage, reduce size"
2,SYRMA,N,97.01,80.0,A,74.7,B,Leads both,60.2076,Neutral,94.05,No,Uptrend,Strong Bullish,3.6,High,Rising,"2 - Advancing (late, conf 84, 109d)","2 - Advancing, trend 97 long confirmed but participation is thin - reduce size, breakouts without volume fail more often"
3,CENTUM,N,98.21,80.0,A,74.93,B,Leads both,61.0072,Neutral,94.88,No,Uptrend,Strong Bullish,3.19,Very High,Rising,"2 - Advancing (late, conf 84, 104d)","2 - Advancing, trend 98 long confirmed but participation is thin - reduce size, breakouts without volume fail more often"
4,SKYGOLD,Y,86.37,79.5,B,72.24,B,Leads both,58.3308,Neutral,91.98,No,Uptrend,Bullish,1.92,Very Low,Falling,"2 - Advancing (late, conf 84, 145d)","2 - Advancing, trend 86 with bullish confirmed, momentum and volume confirm; volatility releasing from compression, outperforming both benchmarks, late in the stage, reduce size"
5,AETHER,Y,86.6,77.29,B,73.04,B,Leads both,52.2439,Neutral,90.28,No,Uptrend,Bullish,2.32,Normal,Falling,"2 - Advancing (late, conf 84, 198d)","2 - Advancing, trend 87 with bullish confirmed, momentum and volume confirm; outperforming both benchmarks, late in the stage, reduce size"
6,ROSSTECH,N,99.54,70.0,B,79.11,B,Leads both,75.7412,Overbought,98.7,No,Uptrend,Strong Bullish,12.8,High,Rising,"2 - Advancing (late, conf 84, 160d)","2 - Advancing, trend 100 long but momentum overextended - hold existing, do not add"
7,AXISCADES,N,97.08,70.0,B,56.0,C,Leads both,77.5204,Overbought,99.19,No,Uptrend,Strong Bullish,21.96,High,Rising,"2 - Advancing (early, conf 84, 10d)","2 - Advancing, trend 97 long but momentum overextended - hold existing, do not add"
8,VINCOFE,Y,83.44,70.0,B,63.84,C,Leads both,53.4168,Neutral,91.88,No,Uptrend,Bullish,-0.73,High,Falling,"2 - Advancing (early, conf 84, 10d)","2 - Advancing, trend 83 long but momentum diverging - trend tiring, tighten stop"
9,STLTECH,N,96.91,70.0,B,71.4,B,Leads both,71.3096,Neutral,100.0,No,Uptrend,Strong Bullish,14.69,Normal,Falling,"2 - Advancing (late, conf 84, 150d)","2 - Advancing, trend 97 long but momentum overextended - hold existing, do not add"
10,YATHARTH,Y,80.79,68.55,B,78.22,B,Leads both,50.0806,Neutral,77.89,No,Uptrend,Neutral,-5.52,Very High,Rising,"2 - Advancing (mid, conf 84, 85d)","2 - Advancing, trend 81 long but momentum diverging - trend tiring, tighten stop"
11,SANSERA,N,75.07,67.36,B,70.0,B,Leads both,53.1882,Neutral,90.57,No,Uptrend,Bullish,-0.79,Very High,Rising,"2 - Advancing (late, conf 84, 255d)","2 - Advancing, long setup confirmed but volatility 87 and still expanding - late, size down and widen stop"
12,LUMAXTECH,N,86.05,62.0,C,64.65,C,Leads both,46.8696,Neutral,79.24,No,Uptrend,Bullish,-2.87,Low,Falling,"2 - Advancing (early, conf 84, 25d)","2 - Advancing, trend 86 but ADX shows no trend, this is a range - wait for alignment"
13,HFCL,Y,65.26,62.0,C,43.39,D,Leads both,58.5376,Neutral,82.87,No,Uptrend,Bullish,10.13,High,Falling,"2 - Advancing (late, conf 74, 114d)","2 - Advancing, trend 65 but ADX shows no trend, this is a range - wait for alignment"
14,AZAD,Y,69.95,62.0,C,59.04,C,Leads both,55.8223,Neutral,94.12,No,Uptrend,Strong Bullish,6.75,High,Rising,"2 - Advancing (late, conf 84, 110d)","2 - Advancing, trend 70 but ADX shows no trend, this is a range - wait for alignment"
15,APARINDS,N,78.26,62.0,C,68.64,B,Leads both,52.4434,Neutral,80.66,No,Uptrend,Neutral,-0.4,Normal,Falling,"2 - Advancing (mid, conf 84, 144d)","2 - Advancing, trend 78 but ADX shows no trend, this is a range - wait for alignment"
16,YASHHV,Y,79.87,62.0,C,62.0,C,Leads both,60.5536,Neutral,96.26,No,Uptrend,Strong Bullish,6.28,Normal,Rising,"2 - Advancing (late, conf 84, 104d)","2 - Advancing, trend 80 but ADX shows no trend, this is a range - wait for alignment"
17,MTARTECH,N,80.04,62.0,C,59.21,C,Leads both,62.4854,Neutral,98.6,No,Uptrend,Bullish,9.22,Low,Falling,"2 - Advancing (late, conf 84, 250d)","2 - Advancing, trend 80 but ADX shows no trend, this is a range - wait for alignment"
18,KDDL,N,75.44,62.0,C,63.6,C,Leads both,50.1551,Neutral,79.0,No,Uptrend,Neutral,-1.96,Low,Falling,"2 - Advancing (late, conf 84, 75d)","2 - Advancing, trend 75 but ADX shows no trend, this is a range - wait for alignment"
19,KMEW,N,91.57,62.0,C,70.87,B,Leads both,55.1544,Neutral,92.38,No,Uptrend,Bullish,2.23,Low,Rising,"2 - Advancing (late, conf 84, 250d)","2 - Advancing, trend 92 but ADX shows no trend, this is a range - wait for alignment"
20,AIMTRON,Y,81.58,62.0,C,62.0,C,Leads both,62.1829,Neutral,97.07,No,Uptrend,Strong Bullish,10.99,High,Rising,"2 - Advancing (late, conf 84, 121d)","2 - Advancing, trend 82 but ADX shows no trend, this is a range - wait for alignment"
21,AEROFLEX,Y,65.91,62.0,C,61.49,C,Leads both,51.6483,Neutral,88.41,No,Downtrend,Neutral,-0.54,Normal,Falling,"2 - Advancing (late, conf 84, 136d)","2 - Advancing, trend 66 but ADX shows no trend, this is a range - wait for alignment"
22,QPOWER,N,89.46,62.0,C,65.6,B,Leads both,58.708,Neutral,94.66,No,Uptrend,Strong Bullish,4.34,Low,Rising,"2 - Advancing (late, conf 84, 110d)","2 - Advancing, trend 89 but ADX shows no trend, this is a range - wait for alignment"
23,BBOX,N,80.36,61.85,C,48.19,D,Lags both,51.681,Neutral,73.98,No,Uptrend,Bearish,2.04,High,Rising,"2 - Advancing (mid, conf 74, 114d)","2 - Advancing, trend 80 with bullish confirmed, momentum and volume confirm"
24,MCX,N,70.95,61.33,C,67.19,B,Leads both,47.2088,Neutral,77.58,No,Uptrend,Neutral,-4.7,Low,Falling,"2 - Advancing (late, conf 84, 323d)","2 - Advancing, trend 71 but ADX shows no trend, this is a range - wait for alignment"
25,CPPLUS,N,59.52,61.18,C,52.65,C,Leads both,56.6141,Neutral,93.21,No,Downtrend,Bullish,4.02,Normal,Rising,"2 - Advancing (late, conf 84, 131d)","2 - Advancing, but trend score 60 does not confirm long - no directional edge"
26,SONACOMS,N,60.28,61.1,C,68.05,B,Leads both,51.3324,Neutral,88.82,No,Uptrend,Bullish,0.49,Normal,Falling,"2 - Advancing (late, conf 84, 150d)","2 - Advancing, trend 60 but components disagree - wait for alignment"
27,IKS,N,70.8,59.76,C,54.24,C,Leads both,48.6506,Neutral,65.45,No,Uptrend,Bearish,-1.81,Normal,Rising,"2 - Advancing (late, conf 74, 55d)","2 - Advancing, trend 71 but ADX shows no trend, this is a range - wait for alignment"
28,INDHOTEL,N,69.3,57.32,C,58.65,C,Leads both,44.5141,Neutral,60.23,No,Uptrend,Neutral,-1.23,Normal,Rising,"2 - Advancing (mid, conf 74, 20d)","2 - Advancing, trend 69 but ADX shows no trend, this is a range - wait for alignment"
29,MANORAMA,N,57.12,56.98,C,70.36,B,Leads both,48.1549,Neutral,62.16,No,Downtrend,Neutral,-3.01,Normal,Falling,"2 - Advancing (mid, conf 74, 70d)","2 - Advancing, but trend score 57 does not confirm long - no directional edge"
30,SBCL,N,53.98,56.47,C,70.0,B,Leads both,48.4388,Neutral,78.02,No,Uptrend,Neutral,-5.29,High,Falling,"2 - Advancing (late, conf 84, 100d)","2 - Advancing, but trend score 54 does not confirm long - no directional edge"
31,KPIGREEN,Y,62.02,55.24,C,41.36,D,Lags both,57.3796,Neutral,48.63,Yes,Uptrend,Neutral,13.17,Very High,Rising,"4 - Declining (mid, conf 64, 81d)","4 - Declining, but trend score 62 does not confirm short - no directional edge"
32,SGMART,N,49.19,54.62,C,49.71,D,Leads both,49.0938,Neutral,72.39,No,Downtrend,Bullish,2.21,High,Falling,"2 - Advancing (late, conf 74, 109d)","2 - Advancing, but trend score 49 does not confirm long - no directional edge"
33,RACLGEAR,N,52.42,51.05,C,77.35,B,Leads both,42.952,Neutral,72.82,No,Uptrend,Bearish,-10.16,High,Rising,"2 - Advancing (late, conf 84, 296d)","2 - Advancing, but trend score 52 does not confirm long - no directional edge"
34,APOLLO,Y,49.37,51.03,C,52.94,C,Lags both,49.0197,Neutral,83.91,No,Downtrend,Neutral,-0.73,Very Low,Rising,"2 - Advancing (late, conf 84, 80d)","2 - Advancing, but trend score 49 does not confirm long - no directional edge"
35,KRN,Y,47.28,50.61,C,51.72,C,Leads both,45.6227,Neutral,60.74,No,Downtrend,Neutral,-1.35,Normal,Rising,"2 - Advancing (late, conf 74, 110d)","2 - Advancing, but trend score 47 does not confirm long - no directional edge"
36,NYKAA,N,46.37,50.01,C,59.82,C,Leads both,42.7165,Neutral,60.79,No,Uptrend,Bearish,-2.48,Low,Falling,"2 - Advancing (late, conf 74, 114d)","2 - Advancing, but trend score 46 does not confirm long - no directional edge"
37,BORORENEW,N,2.12,50.0,C,50.0,C,Lags both,32.0291,Neutral,6.06,Yes,Downtrend,Strong Bearish,-3.17,Normal,Rising,"1 - Basing (early, conf 20, 5d)",1 - Basing but stage confidence only 20 - regime not established
38,ZOTA,Y,88.92,50.0,C,51.03,C,Lags both,56.7026,Neutral,68.34,No,Uptrend,Neutral,3.86,Very High,Rising,"4 - Declining (mid, conf 40, 25d)",4 - Declining but stage confidence only 40 - regime not established
39,TARIL,N,18.56,50.0,C,50.0,C,Lags both,43.8205,Neutral,9.94,Yes,Downtrend,Bearish,-0.49,Low,Rising,"3 - Topping (mid, conf 20, 20d)",3 - Topping but stage confidence only 20 - regime not established
40,V2RETAIL,Y,12.5,50.0,C,36.89,D,Lags both,30.1955,Oversold,14.99,Yes,Downtrend,Bearish,-6.0,Very Low,Rising,"3 - Topping (early, conf 40, 1d)",3 - Topping but stage confidence only 40 - regime not established
41,TRENT,Y,1.28,50.0,C,50.0,C,Lags both,24.5122,Oversold,3.66,Yes,Downtrend,Strong Bearish,-6.17,Low,Falling,"2 - Advancing (early, conf 20, 20d)",2 - Advancing but stage confidence only 20 - regime not established
42,POLYCAB,Y,15.68,50.0,C,39.44,D,Lags both,27.7948,Oversold,16.22,Yes,Downtrend,Strong Bearish,-3.92,Low,Rising,"3 - Topping (mid, conf 40, 10d)",3 - Topping but stage confidence only 40 - regime not established
43,NLCINDIA,N,7.77,50.0,C,50.0,C,Lags both,35.6975,Neutral,6.65,Yes,Downtrend,Bearish,-4.3,Low,Falling,"1 - Basing (early, conf 20, 1d)",1 - Basing but stage confidence only 20 - regime not established
44,ZENTEC,N,22.74,50.0,C,41.56,D,Lags both,31.8524,Oversold,22.17,Yes,Downtrend,Strong Bearish,-6.11,Normal,Falling,"2 - Advancing (late, conf 40, 100d)",2 - Advancing but stage confidence only 40 - regime not established
45,IMFA,N,20.5,50.0,C,50.74,C,Lags both,30.9874,Oversold,13.81,Yes,Downtrend,Bearish,-6.78,Very Low,Falling,"3 - Topping (mid, conf 40, 15d)",3 - Topping but stage confidence only 40 - regime not established
46,BSE,N,11.81,50.0,C,31.91,E,Lags both,37.3825,Oversold,13.89,Yes,Downtrend,Strong Bearish,-5.61,Normal,Rising,"3 - Topping (mid, conf 40, 20d)",3 - Topping but stage confidence only 40 - regime not established
47,BLACKBUCK,N,90.58,50.0,C,50.0,C,Leads both,51.0937,Neutral,80.69,No,Uptrend,Neutral,1.75,Low,Rising,"3 - Topping (late, conf 20, 30d)",3 - Topping but stage confidence only 20 - regime not established
48,KAYNES,Y,42.25,50.0,C,50.0,C,Leads both,44.5355,Neutral,13.75,Yes,Uptrend,Neutral,-3.8,Low,Falling,"2 - Advancing (early, conf 20, 20d)",2 - Advancing but stage confidence only 20 - regime not established
49,KRISHNADEF,N,25.8,50.0,C,43.31,D,Lags both,41.9984,Neutral,16.56,Yes,Downtrend,Bearish,-2.59,Low,Falling,"1 - Basing (early, conf 40, 1d)",1 - Basing but stage confidence only 40 - regime not established
50,HBLENGINE,N,93.39,50.0,C,53.87,C,Leads both,58.907,Neutral,81.12,No,Uptrend,Neutral,2.54,High,Rising,"3 - Topping (early, conf 40, 1d)",3 - Topping but stage confidence only 40 - regime not established
51,ELECON,N,52.92,50.0,C,47.6,D,Lags both,50.2498,Neutral,44.57,Yes,Uptrend,Neutral,0.74,High,Rising,"1 - Basing (early, conf 60, 1d)",1 - Basing - no new positions in a basing/topping stage
52,GRSE,N,1.14,50.0,C,50.0,C,Lags both,21.9987,Oversold,3.27,Yes,Downtrend,Strong Bearish,-10.44,Normal,Falling,"1 - Basing (early, conf 20, 6d)",1 - Basing but stage confidence only 20 - regime not established
53,COFORGE,Y,34.35,49.57,D,47.82,D,Leads both,50.7281,Neutral,64.99,No,Downtrend,Bullish,1.47,Normal,Falling,"2 - Advancing (early, conf 74, 20d)","2 - Advancing, but trend score 34 does not confirm long - no directional edge"
54,ATLANTAELE,N,42.86,47.64,D,44.47,D,Leads both,49.1918,Neutral,48.12,No,Downtrend,Neutral,4.17,Normal,Falling,"2 - Advancing (late, conf 50, 94d)","2 - Advancing, but trend score 43 does not confirm long - no directional edge"
55,RRKABEL,N,33.51,46.93,D,41.13,D,Leads both,47.0092,Neutral,58.24,No,Downtrend,Bullish,2.19,Normal,Falling,"2 - Advancing (late, conf 64, 114d)","2 - Advancing, but trend score 34 does not confirm long - no directional edge"
56,CARTRADE,N,44.45,46.47,D,74.1,B,Leads both,41.7923,Neutral,57.1,No,Uptrend,Bearish,-6.1,Low,Falling,"2 - Advancing (early, conf 74, 20d)","2 - Advancing, but trend score 44 does not confirm long - no directional edge"
57,PERSISTENT,N,36.66,46.41,D,46.08,D,Leads both,48.7734,Neutral,48.63,No,Downtrend,Neutral,0.08,Low,Falling,"3 - Topping (late, conf 60, 35d)",3 - Topping - no new positions in a basing/topping stage
58,GVT&D,N,44.13,44.78,D,54.59,C,Leads both,46.1664,Neutral,40.38,No,Downtrend,Bearish,-2.79,Low,Falling,"2 - Advancing (late, conf 50, 328d)","2 - Advancing, but trend score 44 does not confirm long - no directional edge"
59,ETERNAL,N,37.21,44.38,D,73.41,B,Leads both,40.1626,Neutral,74.63,No,Downtrend,Neutral,-4.42,Low,Falling,"2 - Advancing (early, conf 84, 30d)","2 - Advancing, but trend score 37 does not confirm long - no directional edge"
60,RATEGAIN,Y,44.18,42.91,D,45.75,D,Lags both,41.7949,Neutral,38.16,No,Uptrend,Bearish,0.13,Very Low,Falling,"2 - Advancing (mid, conf 50, 80d)","2 - Advancing, but trend score 44 does not confirm long - no directional edge"
61,NUVAMA,N,35.61,42.43,D,41.76,D,Lags both,48.8584,Neutral,43.25,No,Downtrend,Bearish,-0.47,Normal,Falling,"2 - Advancing (late, conf 50, 95d)","2 - Advancing, but trend score 36 does not confirm long - no directional edge"
62,ATHERENERG,Y,33.91,41.22,D,56.19,C,Leads both,32.7691,Oversold,55.5,No,Downtrend,Neutral,-8.09,Low,Falling,"2 - Advancing (late, conf 74, 193d)","2 - Advancing, but trend score 34 does not confirm long - no directional edge"
63,KALYANKJIL,Y,31.52,40.44,D,58.91,C,Leads both,29.9074,Oversold,45.91,No,Downtrend,Neutral,-9.2,Normal,Falling,"2 - Advancing (early, conf 64, 34d)","2 - Advancing, but trend score 32 does not confirm long - no directional edge"
64,TECHNOE,N,39.11,40.34,D,38.0,D,Lags both,51.162,Neutral,36.88,Yes,Downtrend,Neutral,1.19,Low,Falling,"4 - Declining (late, conf 74, 79d)","4 - Declining, trend 39 but components disagree - wait for alignment"
65,CGPOWER,N,27.37,39.38,D,53.14,C,Leads both,47.616,Neutral,45.76,No,Downtrend,Neutral,-1.5,Low,Falling,"2 - Advancing (late, conf 50, 95d)","2 - Advancing, but trend score 27 does not confirm long - no directional edge"
66,SKIPPER,N,29.4,39.29,D,53.45,C,Leads both,47.8851,Neutral,55.42,No,Downtrend,Bearish,-2.3,High,Rising,"2 - Advancing (early, conf 64, 65d)","2 - Advancing, but trend score 29 does not confirm long - no directional edge"
67,ZAGGLE,N,46.65,38.19,D,40.01,D,Lags both,36.958,Neutral,4.72,Yes,Uptrend,Strong Bearish,-4.02,Low,Falling,"4 - Declining (late, conf 84, 188d)","4 - Declining, but trend score 47 does not confirm short - no directional edge"
68,AURIONPRO,N,7.02,38.0,D,38.0,D,Lags both,25.7804,Oversold,1.02,Yes,Downtrend,Strong Bearish,-11.37,Normal,Falling,"4 - Declining (late, conf 84, 289d)","4 - Declining, trend 7 but ADX shows no trend, this is a range - wait for alignment"
69,BLUESTARCO,N,30.12,38.0,D,39.21,D,Leads NIFTY50 only,42.1176,Neutral,16.96,Yes,Uptrend,Bearish,-3.91,Normal,Rising,"4 - Declining (late, conf 84, 105d)","4 - Declining, trend 30 but ADX shows no trend, this is a range - wait for alignment"
70,VMM,N,25.79,38.0,D,42.47,D,Lags both,38.833,Neutral,5.86,Yes,Uptrend,Bearish,-4.05,High,Falling,"4 - Declining (late, conf 84, 155d)","4 - Declining, trend 26 but ADX shows no trend, this is a range - wait for alignment"
71,JSLL,Y,12.5,38.0,D,38.0,D,Lags both,38.1148,Neutral,7.15,Yes,Downtrend,Bearish,-4.6,Very Low,Falling,"4 - Declining (late, conf 84, 123d)","4 - Declining, trend 12 but ADX shows no trend, this is a range - wait for alignment"
72,MUTHOOTFIN,N,9.33,38.0,D,38.57,D,Lags both,36.6505,Oversold,5.94,Yes,Downtrend,Bearish,-3.9,Low,Falling,"4 - Declining (mid, conf 84, 65d)","4 - Declining, trend 9 but ADX shows no trend, this is a range - wait for alignment"
73,TAC,Y,6.47,38.0,D,58.42,C,Leads both,32.0732,Oversold,4.83,Yes,Downtrend,Bearish,-18.48,Normal,Rising,"4 - Declining (mid, conf 84, 25d)","4 - Declining, trend 6 but ADX shows no trend, this is a range - wait for alignment"
74,VMARCIND,N,17.08,38.0,D,38.0,D,Leads both,44.7771,Neutral,6.3,Yes,Downtrend,Bullish,-2.41,Low,Falling,"4 - Declining (mid, conf 84, 44d)","4 - Declining, trend 17 but ADX shows no trend, this is a range - wait for alignment"
75,NETWEB,N,28.86,37.45,D,41.84,D,Leads both,39.6235,Oversold,38.59,No,Downtrend,Bearish,-3.44,Low,Falling,"2 - Advancing (mid, conf 50, 80d)","2 - Advancing, but trend score 29 does not confirm long - no directional edge"
76,DATAPATTNS,Y,33.99,37.36,D,48.17,D,Leads both,41.4263,Neutral,39.97,No,Downtrend,Bearish,-5.32,Low,Falling,"2 - Advancing (late, conf 50, 140d)","2 - Advancing, but trend score 34 does not confirm long - no directional edge"
77,ASTRAMICRO,N,26.32,36.79,D,37.19,D,Lags both,46.3316,Neutral,46.62,No,Downtrend,Neutral,0.27,Low,Falling,"2 - Advancing (mid, conf 50, 90d)","2 - Advancing, but trend score 26 does not confirm long - no directional edge"
78,LLOYDSME,N,22.73,36.4,D,37.74,D,Leads both,41.6923,Neutral,51.14,No,Downtrend,Neutral,-1.95,Low,Falling,"2 - Advancing (late, conf 50, 110d)","2 - Advancing, but trend score 23 does not confirm long - no directional edge"
79,APOLLOHOSP,N,40.08,36.26,D,61.06,C,Leads NIFTY50 only,29.6448,Oversold,35.44,Yes,Downtrend,Strong Bearish,-8.28,Very High,Rising,"2 - Advancing (late, conf 50, 83d)","2 - Advancing, but trend score 40 does not confirm long - no directional edge"
80,DIXON,N,23.71,34.69,E,43.67,D,Leads both,33.9756,Neutral,32.21,Yes,Downtrend,Bearish,-5.24,Low,Falling,"2 - Advancing (late, conf 50, 35d)","2 - Advancing, but trend score 24 does not confirm long - no directional edge"
81,PARAS,N,23.47,34.29,E,46.37,D,Leads both,38.1215,Oversold,48.81,No,Downtrend,Bearish,-7.22,High,Falling,"2 - Advancing (late, conf 64, 105d)","2 - Advancing, but trend score 23 does not confirm long - no directional edge"
82,AVL,N,31.79,33.36,E,58.62,C,Lags both,34.367,Oversold,38.95,No,Downtrend,Strong Bearish,-8.96,Low,Rising,"2 - Advancing (mid, conf 50, 60d)","2 - Advancing, but trend score 32 does not confirm long - no directional edge"
83,THYROCARE,N,21.83,32.07,E,49.9,D,Leads both,34.0073,Oversold,36.95,No,Downtrend,Bearish,-5.47,Very Low,Falling,"2 - Advancing (mid, conf 50, 95d)","2 - Advancing, but trend score 22 does not confirm long - no directional edge"
84,SJS,N,20.28,30.9,E,52.18,C,Leads both,37.5809,Oversold,34.51,No,Downtrend,Bearish,-4.83,Normal,Falling,"2 - Advancing (mid, conf 50, 99d)","2 - Advancing, but trend score 20 does not confirm long - no directional edge"
85,PGEL,N,11.62,30.0,E,50.0,C,Lags both,24.2617,Oversold,4.63,Yes,Downtrend,Strong Bearish,-8.24,Low,Falling,"4 - Declining (early, conf 84, 1d)","4 - Declining, trend 12 short but momentum overextended - hold existing, do not add"
